,user_id,birthday,gender,auction_id,category_1,category_2,buy_mount,day,year,quarter,month,age
0,513441334,2011/1/5,1,1990938411,50008168,50010557,1,2012/12/12,2012,4,12,1
1,377550424,2011/6/20,1,1577166391,28,50015841,1,2012/11/23,2012,4,11,1
2,47342027,2010/10/8,1,1406634426,50008168,50013636,1,2012/9/11,2012,3,9,1
3,119784861,2012/3/27,0,2079693607,50008168,50140021,1,2012/11/29,2012,4,11,0
4,159129426,2010/8/25,0,1519838630,50008168,50013711,2,2012/8/8,2012,3,8,1
7,275261625,2010/5/25,0,2306239278,50008168,50010558,1,2013/6/10,2013,2,6,3
13,20995405,2011/11/14,0,3681843577,50008168,50013636,1,2014/7/31,2014,3,7,2
14,504804896,2010/2/20,0,3674052356,122650008,50012361,1,2014/11/18,2014,4,11,4
15,669302326,2010/4/6,0,8945822711,38,211122,6,2013/5/26,2013,2,5,3
16,1027969540,2013/2/28,0,3755402445,50008168,50012442,1,2014/3/26,2014,1,3,1
18,419554296,2012/7/9,1,3782919450,28,50024153,1,2014/12/31,2014,4,12,2
19,717297456,2013/6/12,1,1885268429,50014815,50008727,1,2013/10/18,2013,4,10,0
20,874621830,2010/12/20,1,2669240410,122650008,50012359,1,2013/11/25,2013,4,11,2
21,711528325,2010/11/14,1,1579990172,50008168,50012451,1,2014/2/28,2014,1,2,3
23,56736746,2012/11/5,1,1372519587,28,50008817,10,2013/1/5,2013,1,1,0
24,91177545,2010/2/3,0,3860097779,50008168,121466023,1,2014/10/29,2014,4,10,4
25,136997100,2013/1/13,1,3544755102,50008168,50013636,1,2013/11/11,2013,4,11,0
26,707774847,2011/3/31,0,3550595497,50008168,121472022,1,2014/12/30,2014,4,12,3
27,161512438,2013/3/4,0,3679764452,50014815,50012564,1,2014/4/9,2014,2,4,1
28,2104818212,2014/3/27,0,4055344781,28,121540027,1,2014/11/11,2014,4,11,0
29,87659835,2011/9/30,1,4600695918,28,50023732,1,2013/4/24,2013,2,4,1
30,188799366,2011/11/30,1,2399042830,50008168,50012451,1,2014/3/19,2014,1,3,2
34,286307391,2011/10/9,0,1227714663,50014815,50004457,1,2012/11/25,2012,4,11,1
35,283250293,2013/6/13,1,2026171315,50008168,50006602,1,2013/10/7,2013,4,10,0
36,14905422,2011/4/29,1,4073926513,50014815,50234023,1,2015/2/5,2015,1,2,3
37,410823343,2011/3/26,1,1068262625,50014815,50009541,1,2012/11/7,2012,4,11,1
41,160688669,2011/9/15,1,2080356063,50008168,50007012,1,2012/12/29,2012,4,12,1
42,325249615,2011/1/3,0,1835015073,50022520,50016706,1,2013/9/27,2013,3,9,2
43,412025994,2013/4/2,1,3734769622,28,50023670,1,2014/6/21,2014,2,6,1
44,116466705,2013/1/1,0,1694992773,50008168,50010549,1,2013/11/11,2013,4,11,0
45,711496874,2011/10/25,0,1507914537,50022520,50016704,1,2014/3/26,2014,1,3,2
47,848302497,2014/2/18,1,4225887658,50008168,50013636,1,2014/12/12,2014,4,12,0
49,13802003,2011/10/22,1,2668092816,50008168,121408024,2,2014/9/12,2014,3,9,2
50,300031861,2014/1/5,0,1555618623,50022520,50023632,1,2014/2/18,2014,1,2,0
53,139924698,2012/1/17,1,3731004287,122650008,50012361,1,2014/5/26,2014,2,5,2
54,2230873305,2012/2/1,0,3607819699,50014815,50009540,1,2014/11/5,2014,4,11,2
55,426768576,2013/4/1,1,1356919218,28,121540027,1,2014/3/26,2014,1,3,0
56,72875105,2012/8/2,0,1415121833,50014815,50009549,1,2012/9/17,2012,3,9,0
58,106828323,2014/2/1,0,1962252169,50014815,50012835,1,2014/6/15,2014,2,6,0
59,775276242,2011/2/1,0,3746921750,122650008,50012364,1,2014/4/16,2014,2,4,3
62,50839954,2011/8/11,0,1970777933,38,211122,6,2013/10/27,2013,4,10,2
63,759253421,2014/2/27,0,3513964153,50008168,121394024,1,2014/7/13,2014,3,7,0
64,31036295,2012/2/5,1,3540182393,50008168,50006602,1,2013/10/17,2013,4,10,1
65,229463294,2013/7/7,0,1522648248,50014815,50018831,1,2014/8/12,2014,3,8,1
66,255635397,2013/6/7,1,2182525534,50014815,50018831,1,2014/10/18,2014,4,10,1
67,67170281,2012/6/12,1,1397301443,50008168,50013711,1,2012/9/19,2012,3,9,0
69,204505282,2010/10/6,0,1796865133,50008168,50146022,1,2012/12/11,2012,4,12,2
70,756621534,2014/10/16,1,4051934589,50008168,121394024,1,2014/12/3,2014,4,12,0
73,1017989581,2014/8/4,1,3588683410,50008168,50006235,1,2014/12/1,2014,4,12,0
74,13735440,2012/3/23,0,1816345579,38,211122,6,2013/12/19,2013,4,12,1
75,2114469016,2014/4/16,0,3865064475,28,50023797,1,2014/8/9,2014,3,8,0
77,842436337,2011/10/16,1,1915292479,50008168,50013636,1,2013/10/15,2013,4,10,1
78,807555311,2014/2/13,1,4055888329,50008168,50010555,1,2014/11/11,2014,4,11,0
79,12519465,2013/7/5,1,1898165539,50014815,50018831,1,2013/9/10,2013,3,9,0
80,112842020,2010/11/25,0,4011415846,28,50006097,1,2014/9/10,2014,3,9,3
81,51880578,2011/1/7,0,2549804050,28,50023709,1,2013/8/7,2013,3,8,2
82,191156136,2013/4/15,0,2233363979,50022520,50012373,1,2013/10/16,2013,4,10,0
83,124613323,2011/4/20,1,1518672275,28,50006095,1,2012/7/2,2012,3,7,1
84,250900287,2013/7/8,1,2291576471,38,50018202,6,2014/4/26,2014,2,4,0
85,72231900,2011/2/21,0,1819219070,28,251725,1,2014/4/26,2014,2,4,3
88,305489040,2013/8/11,1,4162729737,50008168,50013636,1,2014/10/13,2014,4,10,1
89,360647838,2014/1/20,0,3891340189,50008168,50010555,1,2014/6/15,2014,2,6,0
94,13503298,2012/9/28,0,1938196125,50008168,50023886,1,2013/8/1,2013,3,8,0
95,628367479,2012/1/26,1,3879432079,28,50013177,1,2014/11/6,2014,4,11,2
96,818864954,2014/7/13,1,3802879016,50008168,50006602,4,2014/7/22,2014,3,7,0
97,675579268,2013/9/16,0,4142823871,28,50011993,1,2015/1/18,2015,1,1,1
98,1081311286,2013/10/31,0,4132924701,50008168,50013636,1,2014/11/3,2014,4,11,1
99,17289460,2010/12/11,1,1721015407,122650008,50012361,1,2013/3/7,2013,1,3,2
100,904942807,2010/11/5,0,4136662382,50008168,50013636,1,2014/11/3,2014,4,11,3
102,779743331,2013/9/12,1,3641877434,122650008,50012363,1,2014/10/21,2014,4,10,1
104,722440556,2014/10/3,1,4351167695,50008168,50013207,1,2015/1/20,2015,1,1,0
105,357851268,2012/6/21,1,2217489202,28,50023670,1,2013/8/2,2013,3,8,1
106,172453374,2013/2/6,1,1755173656,28,50013175,1,2013/4/5,2013,2,4,0
107,703730908,2010/5/2,0,1545387703,50008168,50012451,1,2012/8/20,2012,3,8,2
108,793020597,2012/4/27,0,2023921472,50008168,50013636,1,2013/12/4,2013,4,12,1
109,726045779,2012/9/4,0,2008354232,50008168,50013636,1,2013/10/5,2013,4,10,1
110,752822677,2013/2/26,1,2455552040,28,50013187,2,2014/1/23,2014,1,1,0
111,377473718,2011/12/26,1,3790772081,50008168,121452056,1,2014/7/18,2014,3,7,2
112,40216027,2011/1/24,0,1377758553,28,50008895,1,2013/10/13,2013,4,10,2
113,118942006,2012/9/29,1,1958315285,28,50023663,1,2014/12/26,2014,4,12,2
116,1684502624,2011/5/25,1,4354034097,50008168,50006235,1,2015/1/15,2015,1,1,3
118,61588159,2013/8/13,0,9680854286,38,211122,2,2014/8/2,2014,3,8,0
119,2262837380,2011/9/14,0,4299933610,50008168,50010549,1,2015/1/6,2015,1,1,3
120,1033466085,2012/4/11,0,1952607841,122650008,50012364,1,2013/10/4,2013,4,10,1
121,24079156,2010/12/31,1,3666127220,50008168,50013636,1,2014/3/18,2014,1,3,3
123,154492646,2011/11/13,1,2545804428,50008168,50012449,1,2013/6/6,2013,2,6,1
125,173329093,2013/6/15,0,3567396105,50008168,50013711,2,2014/4/9,2014,2,4,0
128,416284711,2013/3/24,0,1852761236,50008168,50012449,1,2013/7/23,2013,3,7,0
130,723397857,2011/9/17,0,1671827367,122650008,50012359,1,2014/10/8,2014,4,10,3
131,1055473418,2010/11/3,1,2094508420,50008168,50013636,2,2012/12/1,2012,4,12,2
135,389377821,2014/5/20,0,4047741269,50008168,50010555,1,2014/9/2,2014,3,9,0
136,387079260,2013/10/18,1,2099365922,50014815,50012564,4,2014/5/2,2014,2,5,0
137,71850476,2012/5/13,1,1890595621,50014815,50014275,1,2013/1/27,2013,1,1,0
143,76472818,2012/4/25,1,4039273399,50008168,121424027,1,2014/9/24,2014,3,9,2
144,38060393,2011/8/1,1,1402722416,50014815,50018436,1,2012/7/7,2012,3,7,0
145,69203525,2010/1/23,1,3521242425,50008168,50013636,1,2013/12/12,2013,4,12,3
146,688809898,2012/8/4,0,2221071628,28,50023531,1,2013/4/10,2013,2,4,0
147,771449207,2014/6/22,0,2092202893,50014815,50005982,1,2014/12/8,2014,4,12,0
148,1683328510,2013/8/17,1,3827580569,50008168,121394024,1,2014/7/11,2014,3,7,0
149,21137271,2011/2/4,1,1769156755,50008168,50013636,1,2012/11/22,2012,4,11,1
150,1766969850,2013/6/13,0,4116145858,50008168,50013636,1,2014/9/21,2014,3,9,1
151,74459175,2013/3/9,0,1315531883,50014815,50012564,5,2014/7/20,2014,3,7,1
152,877518892,2014/3/4,1,3649936718,28,50012475,1,2014/5/14,2014,2,5,0
153,80512596,2013/2/8,0,3613187339,122650008,50012363,1,2014/2/20,2014,1,2,1
155,140860418,2013/12/2,0,2467998872,50014815,50012431,1,2014/11/2,2014,4,11,0
157,109907629,2010/2/18,1,6009465208,28,50014250,1,2013/2/17,2013,1,2,2
158,55522687,2013/12/15,1,8159654162,50014815,50012456,1,2014/4/29,2014,2,4,0
159,854053048,2011/5/24,1,3577447757,50008168,50010549,1,2013/11/11,2013,4,11,2
160,728180676,2010/12/12,0,3958975656,50008168,121408024,1,2014/11/26,2014,4,11,3
162,310635877,2013/3/21,0,4126274158,50008168,50010566,1,2014/10/12,2014,4,10,1
164,89800466,2011/3/31,0,8835103504,28,50023661,1,2012/8/28,2012,3,8,1
165,1830529477,2013/6/17,0,2419824050,28,121540027,1,2014/8/2,2014,3,8,1
166,155969997,2012/5/5,0,1698395170,50008168,50012451,1,2012/9/24,2012,3,9,0
168,891736786,2012/6/28,1,3796873375,50008168,50013207,1,2014/8/3,2014,3,8,2
169,131325713,2011/4/29,0,2394361287,50008168,50013636,1,2013/4/16,2013,2,4,1
170,870668820,2014/2/11,1,9390785457,50014815,50006520,6,2014/11/25,2014,4,11,0
171,1869728066,2013/7/21,1,1762929858,50014815,50006099,1,2014/5/30,2014,2,5,0
172,655834471,2012/4/3,0,1886045672,38,50006843,1,2012/10/14,2012,4,10,0
175,511889597,2011/11/6,1,2002640755,50008168,50013207,1,2013/7/5,2013,3,7,1
177,93332442,2011/11/2,0,3731755855,50008168,50013207,1,2014/3/19,2014,1,3,2
179,142427984,2011/7/21,0,3796719675,50008168,50013207,1,2014/4/23,2014,2,4,2
180,1643805171,2014/5/9,1,3780289633,50008168,121394024,1,2014/9/1,2014,3,9,0
182,1103802043,2013/3/1,1,3707600062,28,50023514,1,2014/4/24,2014,2,4,1
184,1730315664,2012/6/29,0,1315531883,50014815,50012564,5,2015/2/5,2015,1,2,2
186,75104744,2014/3/15,1,1580901952,50008168,121394024,1,2014/5/13,2014,2,5,0
188,196293483,2010/1/17,1,1865449339,28,50023670,1,2013/9/4,2013,3,9,3
190,369840982,2013/3/9,1,2453775253,50014815,50018436,1,2013/8/2,2013,3,8,0
191,10642245,2013/2/13,0,1410903985,38,50006843,1,2013/6/17,2013,2,6,0
192,92590396,2012/7/17,1,2116723511,50008168,50013207,1,2013/7/6,2013,3,7,0
194,127451512,2012/12/12,0,3651232699,50008168,50013207,1,2013/12/17,2013,4,12,1
196,381387022,2013/4/1,1,1904699929,50014815,50006041,1,2014/3/4,2014,1,3,0
197,23256752,2012/7/12,1,1938694359,28,121398041,1,2014/5/13,2014,2,5,1
199,82248938,2014/12/30,0,4122969728,50008168,121462023,1,2015/1/21,2015,1,1,0
203,460971987,2011/10/1,0,1008212293,28,50013881,1,2012/7/5,2012,3,7,0
205,77933013,2010/7/2,1,1795849554,28,50023790,1,2013/9/10,2013,3,9,3
207,1033551143,2013/8/12,0,3688126515,50008168,50146022,1,2014/3/30,2014,1,3,0
210,63741599,2011/3/24,0,7964426157,38,50018858,1,2012/8/16,2012,3,8,1
211,70231555,2012/2/23,0,1451807375,50014815,50018704,1,2012/7/24,2012,3,7,0
213,631917779,2012/10/23,1,2081275638,38,50018821,3,2013/7/23,2013,3,7,0
214,26188351,2010/3/29,0,1560465405,50008168,50013636,1,2012/8/12,2012,3,8,2
215,50238258,2010/12/6,1,2478409663,50014815,50018412,1,2013/5/14,2013,2,5,2
216,207508450,2012/2/20,1,1652025753,38,211122,1,2013/1/3,2013,1,1,0
217,525892484,2013/6/19,1,3861312662,50008168,121462075,1,2014/5/14,2014,2,5,0
218,138121253,2011/3/3,1,1538518459,28,251725,1,2013/8/26,2013,3,8,2
222,646222766,2010/2/28,0,1574559871,50008168,50013636,1,2013/4/1,2013,2,4,3
223,1038480421,2013/2/8,1,2159228348,50014815,50012485,1,2013/9/1,2013,3,9,0
224,330386953,2011/2/10,0,1973772803,50014815,50006042,1,2012/10/5,2012,4,10,1
225,645557,2012/2/7,0,1825083198,38,50018615,1,2012/12/13,2012,4,12,0
226,441486929,2012/11/28,1,4004972854,122650008,50012359,1,2014/9/17,2014,3,9,1
227,141999400,2012/8/17,1,1668372349,28,50023514,1,2013/12/28,2013,4,12,1
229,186849644,2010/11/15,1,1601134579,122650008,50012365,1,2013/11/14,2013,4,11,2
230,746105695,2013/6/27,1,3503205270,50008168,50010544,1,2014/12/6,2014,4,12,1
231,408325776,2014/5/5,0,3632999089,50008168,50007011,1,2014/6/16,2014,2,6,0
232,729828346,2013/1/7,1,8680970096,50022520,50016704,1,2013/1/29,2013,1,1,0
233,97496056,2011/11/17,0,2739888461,50008168,50012451,1,2013/11/7,2013,4,11,1
234,691470382,2013/4/7,0,1942245598,50008168,50010558,1,2013/6/2,2013,2,6,0
235,33580636,2011/1/2,0,1809980449,28,50011993,1,2013/7/31,2013,3,7,2
238,84835944,2011/10/8,0,9572765527,50014815,50018831,1,2012/10/8,2012,4,10,1
240,53433471,2012/9/3,1,1844371694,28,251725,1,2013/6/17,2013,2,6,0
242,57970535,2013/1/14,1,4045437169,50008168,50013636,1,2014/10/4,2014,4,10,1
243,290538796,2011/5/20,1,4087918292,50008168,50132021,1,2014/10/20,2014,4,10,3
245,69057729,2011/1/5,1,4132982256,50014815,50018831,1,2015/1/27,2015,1,1,4
247,1049355963,2012/7/2,0,3846280641,122650008,50012366,1,2012/12/12,2012,4,12,0
250,761265678,2013/9/27,1,1700407293,50022520,50016704,1,2015/1/23,2015,1,1,1
251,136451900,2012/10/18,0,1810685590,50008168,50132021,1,2013/9/21,2013,3,9,0
252,48922355,2011/7/15,0,1866852214,50008168,50013711,1,2013/7/6,2013,3,7,1
253,767800373,2012/6/8,0,4034655248,50008168,50010557,1,2014/9/15,2014,3,9,2
254,91156811,2012/5/25,0,1642065679,50008168,50156020,1,2013/8/2,2013,3,8,1
255,352890947,2010/12/1,0,1258181460,50008168,50012451,1,2013/11/16,2013,4,11,2
257,844344519,2012/2/10,1,1698404947,28,121540027,1,2014/10/23,2014,4,10,2
258,65079983,2013/8/4,1,3939531655,50014815,50012564,1,2014/6/10,2014,2,6,0
259,96476817,2012/8/13,0,1678298436,50008168,50010555,1,2013/2/17,2013,1,2,0
260,441460285,2013/10/23,1,1647049846,50022520,50026456,1,2013/11/11,2013,4,11,0
261,27595882,2010/3/29,1,9209901980,50008168,50013711,1,2013/5/21,2013,2,5,3
264,133647926,2013/9/25,1,1086401167,50022520,50011847,1,2013/10/3,2013,4,10,0
265,62395309,2011/12/12,1,3583274865,50008168,50010536,1,2013/11/13,2013,4,11,1
266,2080304899,2010/7/13,0,1869247839,50008168,50012442,1,2014/5/4,2014,2,5,3
269,39645715,2013/1/22,1,2364572050,28,50023663,1,2013/10/26,2013,4,10,0
270,11503702,2012/8/26,1,1983735455,38,50018825,1,2013/8/26,2013,3,8,1
272,88830644,2014/3/25,1,3793577760,50008168,50013636,1,2014/6/26,2014,2,6,0
273,262823764,2012/9/13,1,1985074550,28,50008895,1,2014/4/17,2014,2,4,1
274,373105196,2014/1/3,1,3512711658,28,50006820,1,2014/12/21,2014,4,12,0
275,672265151,2012/11/28,0,5587503865,50008168,50006602,1,2013/3/10,2013,1,3,0
277,447609368,2011/11/15,1,1608678131,50008168,50010557,1,2012/11/11,2012,4,11,0
279,1793514014,2013/6/25,0,3736173796,50008168,50013207,1,2014/7/11,2014,3,7,1
280,376464964,2014/8/24,0,3701064208,50014815,50018831,1,2015/1/30,2015,1,1,0
282,1942584506,2014/4/5,1,3966160653,50008168,121394024,1,2014/10/27,2014,4,10,0
283,276246305,2010/10/10,0,1451186725,50008168,50006602,1,2012/9/7,2012,3,9,1
284,406935827,2013/12/30,1,3514629268,28,50013175,1,2014/3/24,2014,1,3,0
286,58244867,2010/10/15,1,1540728185,50008168,50012451,1,2012/10/29,2012,4,10,2
288,812347802,2013/3/19,0,2530840848,50014815,50018436,1,2013/11/18,2013,4,11,0
289,385231417,2011/11/22,1,3525256235,122650008,50012367,1,2013/11/18,2013,4,11,1
290,163954748,2013/6/16,0,4120457299,122650008,50012365,1,2014/10/18,2014,4,10,1
291,70069665,2010/4/15,0,1596207458,50008168,50007011,1,2012/12/12,2012,4,12,2
292,1658032434,2012/10/22,1,2642621666,50014815,50009547,1,2014/1/10,2014,1,1,1
295,339355276,2013/8/31,1,2419721680,50008168,50010558,1,2014/5/25,2014,2,5,0
296,117002455,2011/4/25,0,2026289319,50008168,50013711,1,2014/3/27,2014,1,3,2
297,135519929,2012/2/26,1,2576036462,50008168,50013207,1,2014/3/28,2014,1,3,2
298,648241169,2013/10/5,0,1358645587,50014815,50018436,1,2014/9/15,2014,3,9,0
299,686047242,2010/3/4,0,3678175798,122650008,50012361,2,2014/9/15,2014,3,9,4
301,69106930,2010/6/1,0,1465203456,50008168,50013711,1,2012/7/16,2012,3,7,2
303,46239667,2011/9/16,1,1417451020,38,50018821,1,2014/10/14,2014,4,10,3
304,94577459,2012/7/6,0,1288185156,28,50023790,10,2013/9/14,2013,3,9,1
306,405674478,2012/10/28,1,2691062414,50008168,50013636,1,2013/9/7,2013,3,9,0
307,118300134,2011/5/3,0,2359470831,50008168,50013636,1,2013/5/4,2013,2,5,2
308,1743387086,2012/10/13,0,4353956898,50008168,50010538,1,2015/1/31,2015,1,1,2
310,43270534,2014/4/10,1,1706457565,50008168,50012442,1,2014/11/27,2014,4,11,0
312,69889555,2010/11/11,0,1302327387,50022520,50023591,1,2012/11/30,2012,4,11,2
313,2118737046,2014/4/11,1,4203619398,50014815,50018831,1,2014/11/28,2014,4,11,0
314,718935048,2012/10/28,0,3966063163,28,50006100,1,2014/8/31,2014,3,8,1
315,411347539,2012/9/4,1,1460186416,50014815,50014277,1,2013/1/2,2013,1,1,0
317,78962691,2013/2/18,0,3755173604,122650008,50012363,1,2014/6/4,2014,2,6,1
318,78135508,2011/11/5,1,4070117066,50008168,50013636,1,2014/11/11,2014,4,11,3
319,52744851,2012/8/22,1,1744062960,50014815,50010236,1,2013/4/1,2013,2,4,0
320,859624068,2011/8/24,1,1542113821,50008168,50013207,1,2012/9/24,2012,3,9,1
321,1041892321,2012/8/1,0,8365793861,38,211122,2,2013/9/17,2013,3,9,1
323,771784864,2012/8/24,0,1624358621,122650008,50012363,1,2012/11/13,2012,4,11,0
324,352463907,2011/4/2,0,3879853295,122650008,50012364,1,2014/5/18,2014,2,5,3
327,603123248,2013/11/21,0,3978473101,50014815,50018831,1,2014/7/16,2014,3,7,0
328,593517038,2012/6/26,1,1637744116,50008168,50010555,1,2013/1/30,2013,1,1,0
329,138548893,2014/6/27,0,3766114746,50014815,50013875,1,2014/8/24,2014,3,8,0
331,183827816,2011/4/30,0,5700732011,28,50014250,3,2013/1/7,2013,1,1,1
333,159041066,2012/7/23,1,3553693696,50014815,50018831,2,2013/11/11,2013,4,11,1
334,370606430,2013/6/4,0,3799439281,50008168,121408024,2,2014/6/22,2014,2,6,1
335,48655521,2011/1/1,0,3501767264,28,50023661,1,2013/11/27,2013,4,11,2
337,660371928,2013/3/5,1,1840245166,50014815,50018436,1,2013/9/1,2013,3,9,0
338,35831517,2011/7/8,0,3951288530,28,50011993,1,2014/12/30,2014,4,12,3
339,712034589,2011/1/6,0,4010576782,50008168,50010542,1,2014/8/25,2014,3,8,3
340,675728690,2010/11/15,0,1741002843,50014815,50008728,1,2014/2/9,2014,1,2,3
341,764418129,2012/10/12,1,1735524563,50008168,50012451,1,2013/3/23,2013,1,3,0
342,506946641,2013/4/18,0,4147505110,50008168,50013636,1,2014/10/6,2014,4,10,1
343,46577846,2012/5/18,0,1573945016,50008168,50006602,1,2012/9/13,2012,3,9,0
345,478118517,2013/11/3,0,3873771359,50008168,50146022,1,2014/5/23,2014,2,5,0
346,72088976,2014/11/6,1,3514179446,50022520,50016704,1,2014/12/12,2014,4,12,0
347,127104347,2012/4/24,0,1933117777,28,50016454,1,2014/2/11,2014,1,2,1
348,1702276954,2013/8/21,1,1545376843,50014815,50004457,2,2013/11/18,2013,4,11,0
349,116466705,2013/1/1,0,3789343762,50008168,50010558,1,2014/3/29,2014,1,3,1
350,34582044,2012/11/1,0,4342872470,50008168,50010538,1,2015/1/11,2015,1,1,2
351,61620681,2013/3/8,0,3505513765,50008168,50007011,1,2013/11/11,2013,4,11,0
353,1055336274,2012/4/29,1,2325942039,50008168,50013636,1,2013/4/25,2013,2,4,0
355,141263038,2011/11/28,1,3870557201,50008168,121472021,1,2014/5/10,2014,2,5,2
357,798742650,2013/11/4,1,4175803737,50008168,50013636,1,2014/10/23,2014,4,10,0
358,16992440,2012/5/16,0,3664524058,28,50012474,3,2014/2/24,2014,1,2,1
359,219658557,2013/2/20,1,1914336512,50008168,50010536,1,2013/9/4,2013,3,9,0
361,120971704,2011/6/24,0,3853951225,50008168,50013636,1,2014/4/18,2014,2,4,2
362,910140800,2013/3/2,0,9921993020,50008168,50010555,1,2013/9/9,2013,3,9,0
364,92192666,2011/9/22,0,1613030396,28,50013078,1,2012/12/13,2012,4,12,1
366,26184254,2012/12/21,0,7161010744,50008168,50010558,1,2014/3/17,2014,1,3,1
367,838135776,2013/2/6,0,1341957311,50014815,50001732,1,2013/2/25,2013,1,2,0
368,656871588,2011/9/5,1,1426985483,38,50006843,2,2012/8/26,2012,3,8,0
369,2254611367,2011/10/31,0,3828220407,28,50023670,1,2015/1/30,2015,1,1,3
370,69435486,2012/8/21,1,4156449500,50008168,50013636,1,2014/11/11,2014,4,11,2
371,58846126,2014/5/25,0,3516243688,50008168,50010555,1,2014/8/14,2014,3,8,0
372,188785717,2011/6/17,0,2718994424,50008168,50013636,1,2013/10/23,2013,4,10,2
374,1709476961,2013/1/6,0,4079981798,50008168,121450022,1,2014/11/28,2014,4,11,1
375,14304064,2010/6/1,1,1592903107,122650008,50012361,1,2012/10/19,2012,4,10,2
377,49008121,2011/3/10,0,4188463244,50008168,50013636,1,2014/12/11,2014,4,12,3
379,73291425,2010/6/28,0,4108898231,122650008,50012365,1,2014/12/20,2014,4,12,4
380,12576056,2011/6/11,0,1767647959,50008168,50146022,1,2012/12/19,2012,4,12,1
381,795355691,2011/7/9,0,1922749392,50014815,50010236,1,2014/7/19,2014,3,7,3
382,1045498739,2013/9/26,1,3706224868,122650008,50012363,1,2014/3/25,2014,1,3,0
383,371636266,2013/12/4,0,4017561768,50008168,50006602,1,2014/9/24,2014,3,9,0
385,559247716,2012/10/20,1,4101836471,50014815,50012777,1,2013/3/13,2013,1,3,0
387,46013049,2014/4/8,1,4078235800,28,50023792,1,2014/9/23,2014,3,9,0
388,403609077,2011/8/2,0,1456671541,28,50014129,1,2012/11/24,2012,4,11,1
389,528643545,2012/12/4,0,1449704772,38,50018854,1,2013/7/4,2013,3,7,0
390,24466085,2011/9/3,0,1300606598,28,50012428,1,2013/4/27,2013,2,4,1
393,350100046,2011/5/9,0,3786629491,50008168,121466023,1,2015/1/19,2015,1,1,3
395,2020687907,2012/7/4,0,3673846807,28,50003700,1,2014/5/13,2014,2,5,1
396,55875510,2012/8/3,0,3727842141,50008168,50013207,1,2014/2/21,2014,1,2,1
397,60387171,2013/2/16,1,3532382653,50014815,50018831,1,2015/1/27,2015,1,1,1
398,85942387,2012/12/26,0,1602006235,50008168,50010566,1,2013/7/27,2013,3,7,0
399,98246781,2012/6/18,1,4268782642,50008168,50010544,1,2015/1/16,2015,1,1,2
401,123044613,2011/12/10,1,7686784451,28,50013076,1,2012/9/11,2012,3,9,0
402,883158198,2013/6/10,1,2248786760,50008168,50010542,1,2013/10/9,2013,4,10,0
404,502828062,2011/10/17,1,9869585664,122650008,50012360,1,2013/10/5,2013,4,10,1
407,745559711,2013/2/17,1,1798061044,50008168,50006602,1,2013/8/29,2013,3,8,0
408,63157165,2011/8/9,1,3765567553,50008168,50012451,1,2014/4/1,2014,2,4,2
409,80014536,2012/6/15,1,1504696996,50014815,50015969,1,2012/8/31,2012,3,8,0
410,1635254677,2013/1/23,1,3501611492,28,50008856,1,2014/3/23,2014,1,3,1
411,16031078,2012/3/25,0,1473874340,50008168,50010555,1,2014/11/23,2014,4,11,2
412,59441576,2010/2/23,1,1792307412,122650008,50012364,1,2013/4/26,2013,2,4,3
413,1108310267,2013/10/2,1,2130290727,28,50015913,1,2014/2/10,2014,1,2,0
416,101415002,2012/3/15,0,1762474105,50008168,50006602,1,2014/2/8,2014,1,2,1
418,235795692,2013/4/25,0,3664833938,28,50008875,1,2014/5/17,2014,2,5,1
421,702647816,2014/3/22,1,3736884827,28,50008845,1,2015/1/4,2015,1,1,0
422,154930665,2011/2/18,0,2726296850,50008168,50006602,1,2013/10/9,2013,4,10,2
423,1921509424,2013/5/31,1,3840427650,50008168,50012449,1,2014/4/24,2014,2,4,0
425,10923201,2011/8/30,1,1916686832,50008168,50013636,1,2014/3/28,2014,1,3,2
426,113243127,2011/2/26,0,1904892438,28,50024235,1,2013/6/5,2013,2,6,2
427,165283246,2013/11/4,1,4013217868,50008168,50013636,1,2015/1/13,2015,1,1,1
428,406365709,2013/6/8,0,2541142030,50008168,50006602,1,2014/5/30,2014,2,5,0
429,15108904,2012/12/14,1,3623461972,50008168,50006602,1,2014/11/13,2014,4,11,1
430,697241495,2010/5/17,0,1583832846,122650008,50012359,1,2013/4/11,2013,2,4,2
431,692815952,2013/7/14,1,4105497361,122650008,50012359,1,2014/9/20,2014,3,9,1
434,346883797,2012/3/28,0,5774771230,50014815,50006521,10,2013/1/11,2013,1,1,0
435,35009662,2012/11/24,1,1902983102,50008168,50010555,1,2013/5/8,2013,2,5,0
436,166937481,2013/6/20,1,1824638472,50014815,50012244,1,2014/1/4,2014,1,1,0
437,694874554,2012/11/22,0,1007455965,28,50006097,1,2015/2/4,2015,1,2,2
438,929851,2011/4/3,0,1545006850,38,50018615,7,2012/8/28,2012,3,8,1
439,1087643545,2013/6/29,1,1776177375,50022520,50026494,1,2013/7/14,2013,3,7,0
440,240345601,2013/4/13,1,2322050095,50008168,50010555,1,2013/7/9,2013,3,7,0
441,33702305,2013/3/18,0,4051720086,50014815,50018831,2,2014/11/3,2014,4,11,1
442,241837911,2012/12/25,0,2024893086,28,50011993,1,2013/10/20,2013,4,10,0
443,83942488,2010/6/21,1,3687334881,50014815,50012431,1,2014/1/14,2014,1,1,3
444,83744798,2012/8/5,1,1572783780,28,50013187,1,2013/2/26,2013,1,2,0
445,425087423,2011/11/23,1,1698664203,50008168,50012442,1,2014/7/21,2014,3,7,2
447,90961714,2012/2/10,0,2141584062,50008168,50013711,1,2013/1/9,2013,1,1,0
448,282788237,2010/12/6,1,1902345594,50022520,50006030,1,2013/5/13,2013,2,5,2
450,647746339,2013/2/7,1,3948614515,28,50012474,1,2014/11/12,2014,4,11,1
452,191039747,2014/7/9,0,7984139502,28,50008859,1,2014/12/31,2014,4,12,0
453,137364326,2010/11/12,0,4187995875,50008168,50013636,1,2014/11/19,2014,4,11,4
455,66755460,2011/3/7,1,6237968940,50008168,50010555,1,2014/3/2,2014,1,3,2
456,841216238,2013/5/5,0,3916866447,50014815,50018831,1,2014/10/20,2014,4,10,1
457,84890647,2013/2/28,1,3567353878,50008168,50010558,1,2014/3/16,2014,1,3,1
459,58386865,2013/3/19,1,3989779290,50014815,50012464,1,2015/1/30,2015,1,1,1
460,816959238,2012/6/21,0,2270664850,38,50018854,1,2013/5/4,2013,2,5,0
461,293128525,2013/3/6,1,1737898130,50014815,50012777,1,2013/3/7,2013,1,3,0
462,75613245,2011/11/22,1,3788033279,50008168,50006602,1,2014/3/25,2014,1,3,2
464,48419732,2010/4/9,0,4956964934,50014815,50018412,2,2013/5/17,2013,2,5,3
466,197411149,2010/4/29,0,4115201209,50008168,121452056,1,2014/11/12,2014,4,11,4
467,106735420,2013/7/9,1,1989928587,50014815,50018831,1,2013/10/10,2013,4,10,0
469,1020368066,2010/6/1,1,4110154003,50008168,50010536,4,2014/10/4,2014,4,10,4
470,143808779,2010/10/1,1,3808038370,28,251725,1,2014/9/8,2014,3,9,3
471,72341311,2014/4/6,0,1800415998,50008168,121394024,1,2014/11/9,2014,4,11,0
472,1094274418,2013/8/3,0,4213282454,50008168,121394024,1,2014/12/14,2014,4,12,1
473,658919521,2013/10/14,0,1639450391,50014815,50012245,1,2014/4/5,2014,2,4,0
474,689783888,2014/3/4,0,4534860816,28,50023722,1,2015/1/9,2015,1,1,0
477,57613642,2013/7/20,0,2515780874,28,50006820,2,2014/6/24,2014,2,6,0
480,40305507,2011/10/17,1,3638097050,50008168,50013636,1,2013/12/13,2013,4,12,2
481,732541962,2012/12/28,1,2652356405,28,50008875,1,2013/8/17,2013,3,8,0
482,243385,2011/7/10,0,2213182306,50008168,50012442,1,2013/9/2,2013,3,9,2
483,10339332,2011/9/10,0,1317407549,50014815,50001732,1,2014/5/26,2014,2,5,2
484,22775189,2012/4/19,0,2394680866,38,50018824,1,2014/3/3,2014,1,3,1
485,726334191,2010/2/25,1,1898930542,50008168,121472022,1,2014/12/26,2014,4,12,4
486,37050995,2012/10/22,0,2129782070,50014815,50009542,1,2013/4/29,2013,2,4,0
487,384841734,2012/8/30,1,3680965886,50014815,50018436,1,2014/3/15,2014,1,3,1
488,1062425612,2012/9/2,0,1440292268,28,50014129,1,2012/11/18,2012,4,11,0
490,1706543412,2011/1/5,1,1571927644,50008168,50012451,2,2013/6/5,2013,2,6,2
491,864297971,2013/3/9,0,1567962542,50008168,50010557,1,2014/7/3,2014,3,7,1
492,771232308,2010/4/15,0,2722668437,50008168,50010558,1,2013/9/26,2013,3,9,3
495,476002223,2012/8/17,0,1340599867,50014815,50018831,1,2013/4/3,2013,2,4,0
496,1124076737,2012/10/13,0,1483522000,50008168,50013711,1,2013/3/16,2013,1,3,0
497,10405255,2012/2/14,0,1077541389,50014815,50228021,1,2014/12/24,2014,4,12,2
499,64093162,2010/8/16,1,4367402988,50008168,50010545,1,2015/1/29,2015,1,1,4
500,854553317,2014/1/19,0,4115835247,50014815,50015727,1,2015/2/1,2015,1,2,1
501,60392074,2013/3/21,1,4182222790,50008168,121452056,1,2014/11/8,2014,4,11,1
502,1069860359,2013/5/8,0,3537398618,50014815,50005982,1,2014/1/1,2014,1,1,0
503,125703503,2012/7/25,0,3622024487,50008168,50007014,1,2014/10/28,2014,4,10,2
504,725520721,2011/12/8,1,2210123184,50008168,50024787,1,2013/10/21,2013,4,10,1
505,857559826,2013/10/13,0,1523900245,50014815,50006099,1,2014/6/7,2014,2,6,0
506,34911780,2010/3/2,1,1687342458,50014815,50016240,2,2012/8/13,2012,3,8,2
507,1589292035,2011/6/5,1,1974503394,50008168,50010544,1,2014/1/8,2014,1,1,2
509,17431245,2011/1/15,0,9757291856,38,50016116,1,2012/11/11,2012,4,11,1
510,51598634,2011/6/12,0,1275807428,28,50013177,1,2013/3/7,2013,1,3,1
512,734958687,2012/9/16,1,1773399427,50008168,50012451,1,2013/11/11,2013,4,11,1
513,474782625,2014/7/15,1,1289834373,28,50013175,1,2014/10/9,2014,4,10,0
514,444309931,2010/8/10,0,1602552246,122650008,50012365,1,2013/8/30,2013,3,8,3
515,324693962,2014/2/19,0,1941612684,28,50023457,1,2014/8/21,2014,3,8,0
516,72555454,2012/3/2,1,1275915383,50014815,50009544,1,2013/1/7,2013,1,1,0
517,260092225,2011/10/5,1,2081674093,50008168,50010538,1,2014/1/14,2014,1,1,2
518,111621945,2013/8/9,1,3740520387,50008168,50010558,1,2014/4/9,2014,2,4,0
519,687066529,2011/5/11,1,3867418311,50008168,50013636,1,2014/6/16,2014,2,6,3
521,150795260,2012/11/21,1,3670614435,50008168,50013207,1,2014/2/18,2014,1,2,1
522,1133628211,2012/9/3,0,3552217293,50008168,50013636,1,2014/2/18,2014,1,2,1
523,479631961,2011/7/25,0,1945272396,50022520,50012375,1,2013/4/30,2013,2,4,1
524,277357538,2012/6/16,0,1963755168,28,50014129,1,2013/7/5,2013,3,7,1
525,740015689,2013/9/26,0,2660535285,50008168,50010558,1,2013/10/2,2013,4,10,0
527,133595268,2011/9/19,1,2237336485,28,50023790,1,2013/4/27,2013,2,4,1
531,451100817,2011/7/24,1,1235134044,122650008,50012360,1,2012/9/1,2012,3,9,1
532,667774265,2013/10/10,0,3985953645,122650008,50012363,1,2014/12/11,2014,4,12,1
533,1045319175,2011/2/9,1,4177773847,50008168,50010544,1,2014/10/29,2014,4,10,3
534,89781118,2013/1/12,1,1274589483,50008168,50007011,1,2014/11/14,2014,4,11,1
535,2020957900,2014/4/30,0,1631062630,50014815,121406041,2,2014/8/29,2014,3,8,0
537,609791410,2014/2/20,1,1344715794,50008168,50010555,1,2014/3/27,2014,1,3,0
540,275987542,2014/1/3,1,4128463824,28,50013187,1,2015/1/19,2015,1,1,1
541,188600174,2014/1/21,1,4146034591,50022520,50016704,1,2015/1/19,2015,1,1,0
542,116573081,2012/11/13,0,2223017215,28,50008860,1,2013/4/22,2013,2,4,0
543,867476098,2013/8/6,0,1872172002,50014815,50018831,3,2014/9/23,2014,3,9,1
545,800173649,2013/7/20,0,3801122348,50008168,50013711,1,2014/4/29,2014,2,4,0
548,1040314082,2012/4/22,1,3540807611,122650008,50012365,1,2013/12/25,2013,4,12,1
549,713724745,2010/4/24,0,1753469904,50008168,50010557,1,2013/1/2,2013,1,1,2
550,186418698,2012/1/18,1,9921844112,50014815,50001748,1,2014/3/24,2014,1,3,2
552,55069180,2014/8/7,0,3855435065,122650008,50012363,1,2015/1/27,2015,1,1,0
553,746338356,2013/8/6,1,2278380474,50014815,50010236,1,2013/8/31,2013,3,8,0
554,110798294,2012/9/23,0,2039327609,28,50013187,1,2013/4/21,2013,2,4,0
555,396311979,2011/9/26,1,3860091163,50008168,50013636,1,2014/5/20,2014,2,5,2
560,383735470,2011/8/19,0,2026688306,50014815,50009540,1,2014/8/9,2014,3,8,2
562,2214580556,2012/12/1,1,4006243387,50008168,50010558,1,2014/9/28,2014,3,9,1
563,130263794,2010/4/29,0,2193448461,50008168,50010536,1,2013/2/23,2013,1,2,2
565,354804408,2013/3/27,0,3621425317,38,211122,4,2014/1/8,2014,1,1,0
566,805018083,2012/10/6,1,1624274181,50008168,50013636,1,2014/1/8,2014,1,1,1
567,72746697,2014/2/22,1,3734682218,50008168,121394024,1,2014/8/17,2014,3,8,0
569,77723093,2013/12/21,0,4183013944,50008168,50013207,1,2014/11/10,2014,4,11,0
570,75758080,2012/3/2,0,5470994165,50008168,121408024,1,2014/8/29,2014,3,8,2
572,95428725,2012/3/31,0,2592128843,28,251725,1,2014/9/9,2014,3,9,2
573,755743741,2014/7/17,0,3501556965,50014815,50018831,1,2014/11/10,2014,4,11,0
576,705498556,2012/10/4,0,3595424276,50022520,50016704,1,2012/11/11,2012,4,11,0
577,669342381,2013/10/18,1,2039847174,28,50012474,1,2014/2/8,2014,1,2,0
578,824413527,2013/12/1,0,3767950907,50014815,50018436,1,2014/4/7,2014,2,4,0
579,180473754,2013/5/22,0,4217180803,28,121452026,1,2015/1/7,2015,1,1,1
581,665216877,2014/2/26,0,4172519823,50008168,121450022,1,2014/12/4,2014,4,12,0
582,648024036,2011/7/30,1,3849305209,28,50023670,4,2014/12/12,2014,4,12,3
583,743394056,2010/11/25,0,4022828193,50014815,50012431,1,2014/10/29,2014,4,10,3
584,2757,2013/3/11,1,1742955075,50008168,50010555,1,2013/4/10,2013,2,4,0
585,13848376,2014/8/21,1,4082744286,50008168,50013636,1,2014/11/11,2014,4,11,0
587,415971,2012/11/11,0,2085430883,50008168,50010548,1,2013/1/28,2013,1,1,0
588,44732791,2011/8/28,0,1629230641,50008168,50010544,1,2014/1/14,2014,1,1,2
589,121722809,2014/6/1,1,1507118964,38,50006843,2,2015/1/4,2015,1,1,0
590,83472357,2013/1/20,1,1255543276,50014815,50005982,1,2013/6/11,2013,2,6,0
591,65651861,2011/11/24,1,2197178807,50008168,50010558,1,2013/3/15,2013,1,3,1
593,14342858,2011/2/7,0,1789467073,28,50023598,1,2014/11/5,2014,4,11,3
594,917524288,2011/6/24,0,1030304946,50014815,50012456,30,2013/5/3,2013,2,5,1
595,21838963,2014/3/10,0,1636405979,50014815,121470030,5,2014/6/24,2014,2,6,0
596,45661628,2013/10/15,1,1402238010,50014815,121456023,1,2014/10/8,2014,4,10,0
597,61127135,2012/3/17,1,1844430512,28,50008875,1,2013/5/23,2013,2,5,1
598,785043910,2013/5/30,0,3960251166,50008168,121364022,2,2014/10/3,2014,4,10,1
600,628378860,2012/8/16,0,1623650329,50008168,50013636,1,2014/9/25,2014,3,9,2
601,1911445233,2012/4/30,1,3837390314,50008168,50013711,2,2014/4/19,2014,2,4,1
604,325759617,2010/8/12,1,1877049433,28,50023651,1,2014/3/14,2014,1,3,3
605,353221225,2011/8/13,0,3609570714,122650008,50012365,1,2013/12/12,2013,4,12,2
606,61079421,2013/5/1,1,1876996904,50014815,50014274,1,2013/8/3,2013,3,8,0
608,20451388,2012/1/29,1,1735876111,38,211122,1,2013/3/21,2013,1,3,1
609,42558014,2010/7/4,0,2236978824,50008168,50010558,1,2013/3/21,2013,1,3,2
610,75200815,2013/11/14,0,1806429987,50014815,50018831,1,2014/9/13,2014,3,9,0
611,124527924,2011/9/30,1,9590124906,50008168,50013711,1,2012/10/18,2012,4,10,1
612,775584118,2012/10/23,0,2254371483,38,50018820,1,2013/8/16,2013,3,8,0
613,78375309,2013/3/22,1,2663246807,50008168,50013636,1,2013/8/16,2013,3,8,0
614,13101455,2011/8/19,0,1388716213,28,50012423,1,2012/8/29,2012,3,8,1
615,790148926,2014/8/27,1,4001840968,50014815,50018436,1,2014/11/24,2014,4,11,0
616,76580427,2012/3/7,1,2548154023,50014815,50014274,1,2013/6/7,2013,2,6,1
617,23086954,2011/10/8,0,3219122303,50014815,50014273,1,2013/1/25,2013,1,1,1
618,1754594929,2014/8/26,0,1359267042,50014815,50018438,1,2014/9/20,2014,3,9,0
619,18190851,2011/1/1,0,1709224658,28,50014129,2,2013/3/31,2013,1,3,2
620,1649930323,2010/10/4,0,3649132324,50008168,50006602,1,2014/7/29,2014,3,7,3
622,338734269,2013/9/26,1,3889835693,28,50023663,1,2014/8/22,2014,3,8,0
624,679878153,2013/9/27,0,1718730778,50008168,50013636,1,2014/8/6,2014,3,8,0
625,38061660,2011/12/3,1,1986686231,50008168,50010549,1,2013/11/11,2013,4,11,1
627,1641457379,2013/12/26,1,1872172002,50014815,50018831,1,2014/9/30,2014,3,9,0
631,730302768,2011/3/30,1,1466344598,28,50006095,1,2012/9/23,2012,3,9,1
634,393380275,2010/2/9,0,2518569221,50008168,50006602,1,2014/7/29,2014,3,7,4
635,882909923,2012/5/16,1,3634428481,50008168,50010558,1,2014/1/4,2014,1,1,1
636,132357204,2011/11/25,1,3331637994,50014815,50012777,1,2013/9/7,2013,3,9,1
637,659749250,2012/10/15,0,1292957347,38,50006843,1,2013/8/15,2013,3,8,0
638,264008927,2012/3/25,0,3648027660,50008168,50010557,1,2014/12/12,2014,4,12,2
640,66569606,2012/1/23,1,1366855562,50008168,50006602,1,2014/12/12,2014,4,12,2
643,270377458,2012/4/2,0,7279461500,50008168,50010566,1,2012/9/13,2012,3,9,0
644,125840215,2011/5/2,0,1982915256,28,50003700,1,2013/11/2,2013,4,11,2
647,889878950,2013/9/1,0,4135288914,50008168,50010558,1,2014/10/14,2014,4,10,1
648,113554421,2010/9/9,0,1826360247,50014815,50018831,12,2013/5/14,2013,2,5,2
649,290360210,2013/10/29,0,1371636491,50014815,50015727,1,2013/12/12,2013,4,12,0
651,550066806,2013/11/1,1,1672629011,50008168,50006602,1,2014/1/3,2014,1,1,0
652,593315800,2012/9/23,1,3559155875,50008168,50010566,1,2013/11/11,2013,4,11,1
654,276632530,2012/7/16,1,3914298266,50022520,50006028,1,2014/12/15,2014,4,12,2
655,47138383,2010/12/21,0,1327213022,50014815,50018831,2,2013/2/18,2013,1,2,2
656,488469409,2014/8/9,1,2245813547,50014815,50012432,1,2014/9/4,2014,3,9,0
657,2298687186,2012/10/9,1,4248318029,50008168,50013636,1,2015/1/28,2015,1,1,2
658,52404311,2010/9/24,1,1306123837,50008168,50013636,1,2014/12/15,2014,4,12,4
659,430319227,2011/6/15,0,9807202789,28,50013874,1,2012/8/24,2012,3,8,1
660,929425316,2011/9/12,0,3963960473,50014815,121426038,1,2015/1/26,2015,1,1,3
661,642755513,2013/10/26,0,2546970816,50008168,50007011,1,2014/3/20,2014,1,3,0
663,31235454,2011/3/19,0,1667414054,50008168,50013207,1,2014/10/7,2014,4,10,3
664,253581310,2014/4/11,0,2000575368,28,50011993,1,2014/5/18,2014,2,5,0
666,829213583,2013/11/10,0,2032621305,50008168,50013636,1,2014/12/22,2014,4,12,1
667,58199199,2011/7/2,0,1643670490,38,211122,4,2012/10/16,2012,4,10,1
668,24829944,2014/8/26,1,1509865749,50022520,50011819,2,2014/9/20,2014,3,9,0
669,167910527,2012/11/21,0,1644036875,50008168,50010555,1,2013/3/12,2013,1,3,0
670,809862801,2014/1/21,1,3625168839,28,50012475,1,2014/2/16,2014,1,2,0
671,119127104,2011/8/20,1,2099967279,50008168,50006602,1,2012/11/14,2012,4,11,1
672,1844317769,2014/6/26,0,2755199070,50014815,121434042,1,2014/11/25,2014,4,11,0
673,93083084,2013/12/11,0,1864572196,50014815,50013715,1,2015/1/6,2015,1,1,1
675,294750833,2013/7/30,1,3883227743,50022520,50005979,1,2014/11/11,2014,4,11,1
678,248962105,2013/7/26,0,3644831653,50008168,50013636,1,2014/5/21,2014,2,5,0
679,41643429,2014/3/22,1,1271503773,28,50024627,1,2014/10/10,2014,4,10,0
680,1050126413,2014/5/18,0,3798394972,50014815,50018831,1,2014/11/11,2014,4,11,0
682,300931383,2013/12/19,0,3765335282,50008168,50010558,1,2014/3/26,2014,1,3,0
683,816914951,2014/9/28,0,1880357096,28,121382040,1,2014/12/12,2014,4,12,0
684,785311611,2012/10/3,0,4242614653,28,50011993,1,2015/1/20,2015,1,1,2
685,264579453,2014/5/12,0,1401664215,28,121540027,2,2014/11/26,2014,4,11,0
687,269267507,2012/11/20,1,1526365313,50008168,50013207,1,2013/2/16,2013,1,2,0
688,185178295,2014/8/13,1,4012928193,28,50003700,1,2014/8/19,2014,3,8,0
689,1692582408,2012/7/12,0,4126634007,50008168,50010558,1,2014/12/13,2014,4,12,2
691,68067107,2012/11/14,1,2590953664,38,50018820,1,2013/9/14,2013,3,9,0
693,37273026,2012/2/12,1,5450218363,38,50018854,6,2013/11/5,2013,4,11,1
694,195510961,2012/1/16,1,4107903063,50008168,121394024,1,2014/10/29,2014,4,10,2
695,47836546,2012/9/1,0,1787787626,50008168,50010565,2,2013/11/12,2013,4,11,1
696,48621253,2013/1/25,1,1875215006,50008168,50013207,1,2013/6/12,2013,2,6,0
697,398312015,2014/6/23,1,1964159330,28,50013176,1,2014/8/5,2014,3,8,0
700,438010029,2012/8/7,1,2364823627,122650008,50012364,1,2013/5/4,2013,2,5,0
701,150330797,2012/4/4,0,1313052051,50014815,50012431,1,2013/8/25,2013,3,8,1
702,64343163,2010/1/23,1,2610192441,50008168,50012451,1,2013/7/5,2013,3,7,3
704,44716356,2013/2/11,0,3620745556,28,50012474,1,2014/4/27,2014,2,4,1
705,614946692,2014/6/11,1,4110635203,50008168,50010555,1,2014/9/11,2014,3,9,0
707,47737028,2012/3/20,1,2462467683,50014815,50012471,2,2014/10/25,2014,4,10,2
708,108344071,2010/7/4,1,7803405251,50008168,50006602,1,2013/8/12,2013,3,8,3
709,1017818160,2011/10/20,0,9305940795,28,50013881,5,2013/11/30,2013,4,11,2
710,198339735,2011/1/28,0,3671747571,28,50015146,1,2014/6/28,2014,2,6,3
711,32950783,2013/10/25,0,1853677334,50014815,50232021,1,2013/11/8,2013,4,11,0
712,61526102,2011/5/23,0,4132490910,122650008,50012365,1,2015/1/30,2015,1,1,3
713,92116962,2012/5/26,1,1476714357,50014815,50014272,2,2012/10/10,2012,4,10,0
716,199354107,2010/3/10,1,4020430920,50008168,50013207,1,2014/9/9,2014,3,9,4
717,576767101,2013/6/1,1,3775514659,50008168,50010558,1,2014/4/5,2014,2,4,0
719,210263456,2012/9/7,0,4146452733,50008168,50010544,1,2014/12/5,2014,4,12,2
720,220079966,2010/8/8,0,3616927144,28,50011993,1,2013/11/22,2013,4,11,3
722,21887268,2010/5/26,0,3549815067,50008168,50006602,2,2013/12/16,2013,4,12,3
724,743631006,2013/2/24,1,1384140599,50008168,50007011,1,2013/3/28,2013,1,3,0
726,348109281,2010/2/8,1,1337456990,50008168,50013636,1,2012/12/6,2012,4,12,2
727,664236959,2012/7/26,0,1656330713,38,121454045,3,2014/10/7,2014,4,10,2
728,111794341,2010/9/2,1,1967848890,50008168,50010557,1,2013/1/23,2013,1,1,2
730,127931487,2012/7/3,0,1652203111,50008168,50013711,1,2012/8/3,2012,3,8,0
731,437556506,2011/9/28,0,3515840953,50008168,50013636,1,2013/12/26,2013,4,12,2
732,674478679,2014/2/1,1,4062452619,50014815,50009540,1,2014/12/14,2014,4,12,0
733,378028878,2012/2/8,0,1928562541,50008168,50146022,1,2013/12/7,2013,4,12,1
736,44253932,2010/1/13,1,1986218784,28,121404037,1,2014/5/29,2014,2,5,4
737,1091263211,2013/4/13,0,1640926167,122650008,50012363,1,2013/12/12,2013,4,12,0
738,11768880,2012/1/7,1,1902596730,122650008,50012364,1,2013/4/11,2013,2,4,1
740,321506990,2013/2/13,0,2761954899,50014815,50018831,1,2014/4/2,2014,2,4,1
741,766386444,2014/1/15,0,1997881454,28,50013176,1,2014/8/12,2014,3,8,0
742,1944471144,2013/8/19,1,3706801830,38,50018820,1,2014/5/7,2014,2,5,0
743,378871709,2012/2/23,1,4340073938,122650008,50012359,1,2015/2/1,2015,1,2,2
744,685810741,2013/3/22,1,3577836379,50022520,50016704,1,2014/1/11,2014,1,1,0
745,735319921,2012/10/1,1,1685163238,28,50015841,1,2013/3/10,2013,1,3,0
748,136517419,2012/7/12,1,4869579038,50014815,50012777,1,2014/6/17,2014,2,6,1
749,40183850,2012/6/11,1,2097515580,38,50018614,5,2013/11/8,2013,4,11,1
752,71241931,2011/8/31,1,2592831685,28,50015146,1,2014/6/9,2014,2,6,2
753,1567601,2012/7/7,0,1246539526,50022520,50016704,1,2012/7/18,2012,3,7,0
754,62789705,2013/11/11,0,1847181472,50014815,50010236,1,2014/3/8,2014,1,3,0
755,486503874,2012/9/10,1,1602550983,38,211122,1,2013/7/20,2013,3,7,0
756,129972565,2011/1/22,0,2075889287,28,50011993,1,2012/12/20,2012,4,12,1
759,1924473311,2014/4/16,0,2080390038,50022520,50006032,1,2014/8/15,2014,3,8,0
760,73927336,2011/10/15,1,3802307153,50008168,50010536,1,2014/4/6,2014,2,4,2
761,2186831536,2014/5/19,1,3838055923,28,50023531,1,2014/10/8,2014,4,10,0
763,10502300,2012/5/4,0,1344715794,50008168,50010555,1,2012/12/4,2012,4,12,0
764,723449270,2010/10/3,0,1545537749,28,50011993,1,2014/6/2,2014,2,6,3
765,682354444,2014/6/5,1,2242438331,50014815,50018831,1,2014/12/1,2014,4,12,0
766,737930496,2014/5/15,1,4040552137,50014815,50012431,1,2014/8/29,2014,3,8,0
768,1711109878,2012/8/23,0,2299605232,50008168,50013636,1,2015/1/15,2015,1,1,2
769,921137911,2014/7/14,1,1408170773,50014815,50014278,1,2014/7/14,2014,3,7,0
770,224653845,2011/11/14,1,2119917906,50008168,50012451,1,2013/9/22,2013,3,9,1
771,829440261,2013/12/18,0,4187848960,50014815,50018831,2,2014/12/2,2014,4,12,0
772,1978481429,2013/8/29,1,3735927725,50014815,121434042,1,2014/7/4,2014,3,7,0
773,674451014,2011/1/15,0,1517251211,28,50014250,2,2014/1/10,2014,1,1,2
774,602646492,2013/7/12,1,4190972767,50014815,50009550,1,2014/12/12,2014,4,12,1
775,280347691,2013/4/6,0,1445978025,50022520,50016704,1,2013/6/15,2013,2,6,0
776,870525985,2014/9/3,0,3716303418,50014815,50018831,1,2014/10/5,2014,4,10,0
778,55867871,2012/6/23,1,3825866640,50008168,50010558,1,2014/4/30,2014,2,4,1
780,12631429,2013/4/8,1,7668402786,50014815,50012471,1,2014/7/7,2014,3,7,1
781,750833184,2010/11/4,0,3766564809,50008168,50010557,1,2014/4/23,2014,2,4,3
782,62380766,2012/3/13,1,1483646075,28,50014129,1,2012/12/5,2012,4,12,0
783,37613228,2012/3/21,0,2220517667,50014815,50018831,1,2013/10/12,2013,4,10,1
784,1023634940,2011/12/28,0,1629765092,50008168,50146022,1,2013/3/4,2013,1,3,1
785,23779676,2010/1/9,1,3581509030,50008168,50012451,1,2013/11/11,2013,4,11,3
786,2176939646,2014/1/10,1,3761648005,50014815,50012458,1,2014/11/11,2014,4,11,0
787,672166297,2013/10/24,1,1578111970,122650008,50012360,1,2013/12/3,2013,4,12,0
788,53224585,2011/6/3,0,2578168803,50014815,50009542,1,2013/6/21,2013,2,6,2
790,43241697,2012/5/12,0,1967183397,122650008,50012367,1,2014/2/13,2014,1,2,1
792,898630655,2012/11/2,1,3806638408,50008168,50010558,9,2014/6/6,2014,2,6,1
793,1771335722,2012/8/8,1,3777758439,122650008,50012367,1,2014/3/21,2014,1,3,1
794,191994688,2013/3/19,1,1882467565,28,50012788,1,2014/7/15,2014,3,7,1
795,783771062,2012/10/5,0,1875319952,50014815,50012485,1,2014/4/11,2014,2,4,1
796,709021222,2012/11/1,1,4160129967,50008168,50010566,1,2014/12/10,2014,4,12,2
798,509990590,2014/4/4,1,1499519948,50014815,50012548,1,2014/6/2,2014,2,6,0
799,53538638,2013/11/6,1,3957499759,50008168,121408024,1,2014/9/9,2014,3,9,0
800,358097309,2013/9/15,1,3559449273,28,50007140,1,2015/1/21,2015,1,1,1
802,113093326,2012/11/26,1,1619259447,28,50006094,1,2013/5/27,2013,2,5,0
805,728844788,2014/5/27,0,1690877957,50008168,121394024,1,2014/10/15,2014,4,10,0
806,1671080225,2014/3/9,0,1869569456,50008168,50010555,1,2014/4/28,2014,2,4,0
807,53917099,2011/9/21,0,3585742433,50008168,50012451,1,2013/11/13,2013,4,11,2
808,155835737,2014/6/15,1,4024990442,50014815,50012431,1,2014/9/27,2014,3,9,0
809,1089343761,2013/12/5,0,4144999754,50008168,50013636,1,2014/10/9,2014,4,10,0
810,129162752,2010/11/13,0,1275749600,50008168,50010566,1,2013/5/22,2013,2,5,2
811,139491685,2012/5/3,1,3510378768,28,50023722,1,2013/10/31,2013,4,10,1
812,2391404843,2014/9/16,1,4020059100,50008168,50010555,1,2015/1/10,2015,1,1,0
813,134536342,2012/5/21,0,1851947287,50014815,50018831,1,2012/9/12,2012,3,9,0
814,332182758,2012/7/14,1,1428172868,50022520,50006032,1,2012/12/21,2012,4,12,0
815,316263477,2011/7/17,1,2074282053,38,211122,1,2012/11/11,2012,4,11,1
816,883771195,2012/7/11,1,3720949076,38,211122,2,2013/8/20,2013,3,8,1
817,105361095,2013/1/16,1,1797352394,50014815,50018831,1,2013/1/28,2013,1,1,0
818,71726532,2011/5/15,0,3889892300,50008168,121466023,1,2014/7/9,2014,3,7,3
819,59265016,2013/2/15,1,2211702320,50014815,50018831,6,2013/12/26,2013,4,12,0
820,51103674,2011/8/17,0,2043726082,28,50007140,1,2013/5/1,2013,2,5,1
825,1890948217,2013/9/17,0,4062221854,50008168,121394024,1,2014/9/18,2014,3,9,1
826,371646807,2014/9/15,1,4034095460,50008168,50010555,1,2014/12/27,2014,4,12,0
827,1132472679,2014/10/30,0,3532419585,50014815,50018831,1,2015/1/31,2015,1,1,0
832,104211743,2013/2/19,0,3611529687,38,50018824,2,2013/12/4,2013,4,12,0
833,381275366,2013/7/9,0,3504918368,50014815,50014744,1,2013/11/11,2013,4,11,0
834,643563115,2011/8/8,1,4056884747,50008168,50010549,1,2014/12/12,2014,4,12,3
835,54366478,2010/12/10,1,2519434002,28,50023531,1,2015/1/23,2015,1,1,4
836,128693368,2010/7/20,0,1631745763,50008168,50006602,1,2013/7/20,2013,3,7,3
838,54451652,2010/6/2,0,1955675867,50008168,50006602,1,2014/12/30,2014,4,12,4
839,549274183,2012/9/28,0,3703802444,50014815,50018831,1,2014/12/9,2014,4,12,2
842,259538915,2012/4/23,0,1954520223,38,50018825,40,2014/2/18,2014,1,2,1
847,571159301,2011/7/20,1,4002192619,50014815,50014278,1,2014/8/22,2014,3,8,3
848,651493549,2011/11/8,1,3650667226,28,50023692,1,2014/2/21,2014,1,2,2
849,606918860,2012/6/27,0,1083712374,38,50018855,1,2013/6/23,2013,2,6,0
850,644854097,2014/3/18,0,3546144028,50014815,50018831,1,2014/6/17,2014,2,6,0
851,36789289,2013/6/11,0,1788453689,50022520,50016704,1,2013/12/30,2013,4,12,0
852,82413736,2011/9/20,0,1904791339,28,50023661,1,2014/7/27,2014,3,7,2
853,156942952,2013/12/27,0,3771562271,50022520,121414042,1,2014/6/14,2014,2,6,0
855,98425070,2014/1/27,1,4043013895,50008168,50007011,1,2014/12/12,2014,4,12,0
856,422641140,2012/8/20,1,1601239422,28,50007140,1,2012/9/27,2012,3,9,0
857,168252385,2013/1/27,1,3637469589,50008168,50007011,1,2014/1/21,2014,1,1,0
858,73973378,2012/4/4,0,2639650454,28,50013078,1,2014/1/21,2014,1,1,1
859,260087412,2013/3/9,0,3743884589,50014815,50018831,1,2014/4/11,2014,2,4,1
862,292966044,2010/9/16,1,1698115132,50008168,50010549,1,2012/11/11,2012,4,11,2
866,67828543,2012/12/27,1,1492260369,50008168,121448025,1,2014/9/16,2014,3,9,1
867,33062883,2010/8/14,1,3721950719,50008168,50013207,1,2014/5/9,2014,2,5,3
872,75343881,2012/2/25,0,1790808549,50008168,50013636,1,2013/4/13,2013,2,4,1
876,107865814,2012/6/20,1,8178914719,28,50023777,1,2014/5/29,2014,2,5,1
878,157720562,2014/8/31,0,2225722330,50014815,50009547,1,2015/1/24,2015,1,1,0
880,779336988,2010/3/10,1,1905800865,50008168,50012451,1,2012/9/7,2012,3,9,2
881,664444918,2011/9/27,1,4071923462,50008168,50010558,1,2014/9/20,2014,3,9,2
884,1862594497,2010/1/5,0,1715087668,28,50023670,1,2013/12/18,2013,4,12,3
885,718858754,2011/10/15,1,2439516061,50008168,50013636,1,2013/5/13,2013,2,5,1
886,83359531,2011/2/5,1,2516846892,50014815,50009540,1,2013/7/26,2013,3,7,2
887,26629842,2013/11/24,0,4172117769,50008168,50010544,1,2014/12/12,2014,4,12,1
889,838547338,2012/12/18,0,2488114013,50008168,50010558,1,2013/6/7,2013,2,6,0
890,367595379,2010/9/23,1,2428504890,50008168,50012451,1,2014/2/27,2014,1,2,3
892,102571912,2010/11/16,0,1424339438,50008168,50006602,1,2012/8/2,2012,3,8,1
893,799287214,2012/8/13,0,2428902078,50014815,50014274,1,2013/6/25,2013,2,6,0
894,20087991,2010/8/8,0,3784848026,50022520,50016706,1,2014/6/1,2014,2,6,3
896,515908401,2011/7/14,0,4010662687,50008168,50013207,1,2014/8/8,2014,3,8,3
897,279787751,2013/9/14,1,3746912605,28,50023715,1,2014/3/20,2014,1,3,0
899,403168768,2013/12/17,0,3897843371,50014815,50018831,1,2014/7/19,2014,3,7,0
900,714919791,2012/3/16,1,1260508252,50014815,50228021,1,2013/1/11,2013,1,1,0
901,733070564,2014/12/17,1,4255767367,50008168,50010549,1,2015/1/17,2015,1,1,0
902,87526273,2010/11/1,0,1973340588,50008168,50013636,1,2013/11/26,2013,4,11,3
903,272757969,2011/2/24,0,4335207022,50008168,50010544,1,2015/1/21,2015,1,1,3
905,1817973372,2012/2/23,1,1528308734,28,50016454,1,2014/8/3,2014,3,8,2
908,131802832,2012/4/5,1,3753698831,50008168,50013207,1,2014/9/20,2014,3,9,2
910,504846829,2013/10/24,1,4316104461,50014815,50012564,5,2015/1/19,2015,1,1,1
912,124333754,2014/3/23,1,4347434860,38,50018824,1,2014/10/21,2014,4,10,0
914,47742510,2014/7/27,0,1351873003,50022520,121398035,1,2014/10/19,2014,4,10,0
915,112175464,2014/1/1,0,3947565462,28,50008845,1,2014/7/29,2014,3,7,0
916,1672630998,2014/3/2,1,3696280796,50008168,50006602,3,2014/3/25,2014,1,3,0
917,442973445,2013/5/20,1,8949249584,28,50023663,1,2013/11/13,2013,4,11,0
919,274379633,2014/6/27,1,4163905104,28,50013881,1,2015/1/18,2015,1,1,0
921,633734925,2012/3/24,0,3572384061,50014815,50010236,1,2014/1/17,2014,1,1,1
922,1822398971,2013/5/8,0,4161785470,38,211122,1,2014/10/22,2014,4,10,1
925,217491793,2013/2/10,0,4073393781,28,50023777,1,2014/11/11,2014,4,11,1
926,52971251,2013/6/17,0,1473305930,50008168,50012449,1,2014/2/26,2014,1,2,0
927,299196791,2014/3/31,0,3821715904,28,50013187,26,2014/5/21,2014,2,5,0
928,224292962,2012/12/13,1,1838776874,50014815,50228021,3,2015/1/20,2015,1,1,2
929,1577585731,2013/3/21,0,1979931749,50008168,50010558,1,2014/1/6,2014,1,1,0
930,1836568285,2011/11/23,0,4120471734,50008168,50010566,1,2014/10/19,2014,4,10,2
931,517793335,2011/7/10,1,1671957686,38,50006843,2,2012/7/10,2012,3,7,1
932,69889555,2010/11/11,0,2513754053,50008168,50006602,1,2014/5/24,2014,2,5,3
933,31465015,2012/6/1,1,1528421498,28,50006823,1,2013/12/2,2013,4,12,1
935,401026519,2011/3/20,0,2017511145,28,50015841,1,2013/6/4,2013,2,6,2
936,58463787,2010/9/28,1,3534872255,28,203527,1,2013/10/26,2013,4,10,3
937,126581934,2011/5/19,0,1750960310,50008168,50010544,1,2012/12/8,2012,4,12,1
938,1070284684,2011/12/29,0,2677840817,50008168,50013207,1,2013/9/27,2013,3,9,1
939,67985523,2012/7/13,0,2019353461,50014815,50014271,1,2014/1/2,2014,1,1,1
940,1076986436,2012/3/20,0,1511792967,50008168,50013636,1,2013/5/29,2013,2,5,1
942,1052158519,2012/3/29,0,2560536847,28,50023637,1,2014/1/14,2014,1,1,1
943,468484747,2011/5/31,1,1465908634,50008168,50010558,1,2013/5/20,2013,2,5,1
944,62879667,2011/12/5,0,3563305523,50008168,121394024,1,2014/12/12,2014,4,12,3
945,54925736,2013/4/28,0,1231087718,50008168,50006602,1,2013/10/19,2013,4,10,0
947,296255521,2012/9/15,0,3559475430,122650008,50012365,2,2014/1/12,2014,1,1,1
949,379910739,2011/2/26,0,1288167207,50008168,50012451,2,2012/9/4,2012,3,9,1
951,685332320,2012/2/23,0,1278178533,50014815,50018831,2,2013/6/1,2013,2,6,1
952,389326420,2013/7/17,0,1716496740,28,50006820,1,2014/9/16,2014,3,9,1
954,1372572,2012/1/30,1,1691501317,28,50008845,1,2013/3/27,2013,1,3,1
955,54855720,2013/1/28,0,3963513680,50014815,50018436,2,2014/9/13,2014,3,9,1
